Recorded Date	Response ID	What is your age?	Which gender do you most identify with?	"Do you currently own a Peloton (Bike, Bike+, Tread, or Tread+) and/or use the Peloton App?"	What are the primary reasons you have no interest in Peloton? - Selected Choice	What are the primary reasons you have no interest in Peloton? - I use a competitor's product - Text	What are the primary reasons you have no interest in Peloton? - Other - Text	Do you feel that you are in Peloton's target market?	Why or why not?	"If you are not a current owner, what concerns do you have about purchasing a Peloton product? 

If you are a current owner, what concerns did you have before purchasing a Peloton product?"	"When considering purchasing exercise equipment, what research have you done in the past to help make a decision? - Selected Choice"	"When considering purchasing exercise equipment, what research have you done in the past to help make a decision? - Other - Text"	Ideal Routine - 1	Ideal Routine - 2	Ideal Routine - 3	Ideal Routine - 4	Ideal Routine - 5	Ideal Routine - 6	Ideal Routine - 7	Ideal Routine - 8	Ideal Routine - Other	Current Routine - 1	Current Routine - 2	Current Routine - 3	Current Routine - 4	Current Routine - 5	Current Routine - 6	Current Routine - 7	Current Routine - 8	Current Routine - 9	Current Routine - Other	"On average, how many times do you exercise per week?"	Preferred Workout Location	Preferred Workout Location - Other Response	Preferred Workout Companion	Preferred Workout Companion - Other	Self-Led Gym Workout Rank	Group Fitness Class Rank	 At Home Pre-Recorded Class Rank	At Home Live Class Rank	Personal Training Rank	Solo Run / Outdoor Activity Rank	Other Rank	Other Rank - Text	Self-Led Gym Workout - Pre Frequency	Group Fitness Class - Pre Frequency	At Home Pre-Recorded Class  - Pre Frequency	At Home Live Class - Pre Frequency	Personal Training - Pre Frequency	Solo Run / Outdoor Activity - Pre Frequency	Other - Pre Frequency	 Self-Led Gym Workout  - Post Frequency	Group Fitness Class  - Post Frequency	At Home Pre-Recorded Class  - Post Frequency	At Home Live Class  - Post Frequency	Personal Training   - Post Frequency	Solo Run / Outdoor Activity  - Post Frequency	Other  - Post Frequency	"If Peloton offered the following digital classes, which might you like to participate in? - Selected Choice"	"If Peloton offered the following digital classes, which might you like to participate in? - Other (explain): - Text"	Other Products - Likely to Purchase	Other Products - Unlikely to Purchase	Other Products - Already Own	Peloton Bike - Likely to Purchase Rank	Peloton Tread - Likely to Purchase Rank	Rowing Machine - Likely to Purchase Rank	Weight Machine - Likely to Purchase Rank	Digital Interactive Fitness Device - Likely to Purchase Rank	Health & Fitness Wearable - Likely to Purchase Rank	Peloton Bike - Unlikely to Purchase Rank	Peloton Tread - Unlikely to Purchase Rank	Rowing Machine - Unlikely to Purchase Rank	Weight Machine - Unlikely to Purchase Rank	Digital Interactive Fitness Device (Mirror) - Unlikely to Purchase Rank	Health & Fitness Wearable - Unlikely to Purchase Rank	Peloton Bike - Already to Own Rank	"How likely would you be to purchase another Peloton machine, such as : - Ranks - Already Own - Peloton Tread - Rank"	"How likely would you be to purchase another Peloton machine, such as : - Ranks - Already Own - Rowing Machine - Rank"	"How likely would you be to purchase another Peloton machine, such as : - Ranks - Already Own - Weight Machine - Rank"	"How likely would you be to purchase another Peloton machine, such as : - Ranks - Already Own - Digital Interactive Fitness Device (Mirror) - Rank"	Health & Fitness Wearable - Unlikely to Purchase Rank	Feature Rank - Discounts on Peloton Website	Feature Rank -Video Chat During Classes	Feature Rank - In-Person Classes	Feature Rank - In-Person Meet Ups	Feature Rank - Online Meet Ups and Forums	Feature Rank - Exclusive Peloton Member Perks	Feature Rank - None of the Options Would Appeal to Me	Feature Rank - Other:	Please rank order which of the following would be most compelling to you in choosing to purchase (or continuing to purchase) a Peloton membership: - Other: - Text	On a scale of 0-$100: How much would you be willing to pay for these benefits listed above (in dollars)? - 0-$100	"To what extent do you agree with the following statement: ""Peloton Offers Great Value for the Price."" - Selected Choice"	"To what extent do you agree with the following statement: ""Peloton Offers Great Value for the Price."" - Other: - Text"	Consider your maximum willingness to pay for a fitness platform akin to Peloton per MONTH. What number jumps to mind?	What factors would impact your willingness to pay for a platform similar to Peloton? - Selected Choice	What factors would impact your willingness to pay for a platform similar to Peloton? - I would be willing to pay more if... - Text	Anything else you would like to share with us regarding your Peloton experience?
4/13/2021 8:58	R_3IPRexE1K6sudjr	25-34	Male	"No, I have no interest in purchasing one or using one in the future"	Prefer in-person workouts																																																																																												
4/13/2021 9:02	R_2tKyNNAN1Dncrlj	25-34	Female	"I own a Bike, Bike+, Tread, or Tread+"				Definitely yes	I feel like the instructors are about my age	Maintenance costs	"General Google Research,Word of Mouth; Recommendation from a Friend"		enjoyable	quick	on my own schedule	at home						enjoyable	quick	on my own schedule	at home							1-2	At home		Alone		5	4	2	1	6	3	7		Never	Never	Never	Never	Never	Never	Never	Never	Never	2x	2x	Never	2x	Never	Dance		"Peloton Tread,Digital Interactive Fitness Device (Mirror)"	"Rowing Machine,Health & Fitness Wearable,Weight Machine"	Peloton Bike		1			2				1	3		2	1						2	1	3	6	5	4	7	8		50	Somewhat agree		$31-40	I would be willing to pay more if...	N/a	No
4/13/2021 9:03	R_27CK1TnZMhtiXCV	25-34	Female	"No, but I would consider purchasing one or using the app in the future"				Probably yes	"age, earning, fitness"	"cost, how much i'll use it"	"General Google Research,Reddit,Word of Mouth; Recommendation from a Friend"		cardiovascular	weight-reduction	on my own schedule	with other people						enjoyable	stess relieving	on my own schedule	other						outside	5+	Other (explain):	outside	Depends on my mood		6	3	5	4	2	1	7		Never	1x	Never	Never	Never	5x or More	Never	Never	1x	Never	1x	2x	3x	Never	None of these appeal to me		"Digital Interactive Fitness Device (Mirror),Peloton Bike,Weight Machine"	"Peloton Tread,Health & Fitness Wearable,Rowing Machine"		2			3	1			1	3			2							2	3	4	5	6	7	1	8		20	Strongly disagree		$21-30	I would be willing to pay more if...	more varied workouts	
4/13/2021 9:06	R_2uKtVjqsXP0tuo8	25-34	Female	"I own a Bike, Bike+, Tread, or Tread+"				Definitely yes	Female in 20s	"Cost, would I miss going to normal class"	"General Google Research,Word of Mouth; Recommendation from a Friend,Word of Mouth; Recommendation from Instagram Influencer"		aerobic	strenuous	enjoyable	on my own schedule						cardiovascular	on my own schedule	at home								3-4	In group fitness classes		Alone		4	1	2	3	6	5	7		Never	3x	Never	Never	Never	1x	Never	Never	2x	2x	Never	Never	1x	Never	Dance		"Peloton Bike,Weight Machine,Peloton Tread"	"Health & Fitness Wearable,Digital Interactive Fitness Device (Mirror),Rowing Machine"		1	3		2					3		2	1							1	6	2	5	4	3	7	8		50	Strongly agree		$31-40	I would be willing to pay more if...	Not sure 	No 
4/13/2021 9:13	R_8A03kgS0eRHk9P3	25-34	Male	"I own a Bike, Bike+, Tread, or Tread+"				Definitely yes	"Upmarket, educated, millennial "	That I would actually use it	"Reddit,Word of Mouth; Recommendation from a Friend"		quick	weight-reduction	on my own schedule							aerobic	strenuous	at home								3-4	At home		Alone		3	6	4	5	1	2	7		Never	Never	Never	Never	Never	2x	Never	Never	Never	4x	1x	Never	1x	Never	None of these appeal to me		"Health & Fitness Wearable,Weight Machine"	"Peloton Tread,Rowing Machine,Digital Interactive Fitness Device (Mirror)"	Peloton Bike				2		1		1	2		3		1						1	4	3	6	5	2	8	7		0	Somewhat disagree		$31-40	I would be willing to pay more if...	There were no other options	
4/13/2021 9:20	R_28G8rykuoUhvBoX	25-34	Female	"I own a Bike, Bike+, Tread, or Tread+"				Definitely yes	"Enjoy cardio workouts, wanted a way to stay fit during the pandemic when encouraged to stay inside, have disposable income (sort of - I used the payment plan), and love that it's in my living room"	"Before purchasing, I was concerned I wouldn't use the bike as much as I thought I would. Thankfully the classes are engaging and easy, so I've been happy with my usage."	"General Google Research,Reddit,Word of Mouth; Recommendation from a Friend,Word of Mouth; Recommendation from Instagram Influencer"		cardiovascular	quick	stess relieving	on my own schedule						cardiovascular	quick	stess relieving	on my own schedule							3-4	Self-led workouts in a gym		"Alone,Depends on my mood"		2	6	3	4	5	1	7		3x	Never	Never	Never	Never	1x	Never	Never	Never	3x	Never	Never	1x	Never	None of these appeal to me			"Weight Machine,Digital Interactive Fitness Device (Mirror),Health & Fitness Wearable,Peloton Tread,Rowing Machine"	Peloton Bike								4	5	1	2	3	1						2	4	3	7	6	5	1	8		0	Somewhat agree		$21-30	I would be willing to pay more if...	I wouldn't	No
4/13/2021 9:45	R_3eekwxILz7ACNB9	25-34	Female	"I own a Bike, Bike+, Tread, or Tread+"				Definitely yes	"I like fitness and it workout classes. I can't get that right now with Covid, so this is the next best thing.  They are always coming out with something new that meets the needs of the user. I love a community with fitness and they also do that. "	Would it be worth the amount of money I was going to spend. 	"General Google Research,Word of Mouth; Recommendation from a Friend,Word of Mouth; Recommendation from a Trainer"		cardiovascular	sweaty	stess relieving	on my own schedule						strenuous	cardiovascular	varied	on my own schedule							5+	Other (explain):	Running	Depends on my mood		6	2	4	3	5	1	7		Never	2x	1x	1x	Never	5x or More		Never	Never	1x	3x	Never	5x or More		None of these appeal to me		"Health & Fitness Wearable,Peloton Tread"	"Rowing Machine,Digital Interactive Fitness Device (Mirror),Weight Machine"	Peloton Bike		2				1			1	3	2		1						2	3	5	6	4	1	7	8		10	Somewhat agree		$31-40	I would be willing to pay more if...	I feel I already pay quite a bit for Peloton so I probably wouldn't be willing to pay more. 	
4/13/2021 9:59	R_1rAh9PPFk8MPCNf	25-34	Male	"I own a Bike, Bike+, Tread, or Tread+"				Probably yes	"Male, upper-middle class, 25-40"	"Price, Would we use?"	"General Google Research,Word of Mouth; Recommendation from a Friend"		stess relieving	on my own schedule	other						Outdoors	on my own schedule	at home	other							short	1-2	At home		Alone		2	6	4	3	5	1	7		Never	Never	Never	Never	Never	1x	Never	2x	Never	2x	Never	Never	2x	Never	None of these appeal to me		Weight Machine	"Peloton Tread,Rowing Machine,Digital Interactive Fitness Device (Mirror),Health & Fitness Wearable"	Peloton Bike				1				1	2		3	4	1						1	7	3	4	5	6	2	8		30	Somewhat disagree		$11-20	I would be willing to pay more if...	More nature rides	"Just got a peloton in the last two months, have ridden 3 times. My wife is a more active user."
4/13/2021 10:00	R_sZKrXWp1YpzIK2d	25-34	Male	I use the Peloton App				Definitely yes	"I’m young, active and have disposable income"	Price and durability 	"In-Person Testing,General Google Research,Reddit,Word of Mouth; Recommendation from a Friend"		sweaty	stess relieving	other						High intensity	sweaty	stess relieving	other							High intensity 	5+	Other (explain):	Running 	Depends on my mood		6	2	4	3	5	1	7		3x	2x	Never	Never	Never	3x	Never	1x	Never	3x	Never	Never	3x	Never	None of these appeal to me		"Peloton Bike,Digital Interactive Fitness Device (Mirror),Weight Machine"	"Peloton Tread,Rowing Machine"	Health & Fitness Wearable	1			3	2			1	2									1	1	5	2	8	6	3	4	7		0	Somewhat agree		$31-40	I would be willing to pay more if...	I made more money or had less free or cheap options available 	I like to go fast
4/13/2021 10:01	R_3fJMdFilruO2PyD	25-34	Male	"No, I have no interest in purchasing one or using one in the future"	Too expensive																																																																																												
4/13/2021 10:05	R_11d6mYY2h7B7SeI	25-34	Male	"No, I have no interest in purchasing one or using one in the future"	Other		Prefer supporting local business vs corporate brand 																																																																																										
4/13/2021 10:06	R_3p3V63kRJXHxUeV	25-34	Male	"No, I have no interest in purchasing one or using one in the future"	Too expensive																																																																																												
4/13/2021 10:09	R_26m6Fpm3kcypmEl	25-34	Non-binary / third gender	"No, I have no interest in purchasing one or using one in the future"	I already have a workout routine that I like																																																																																												
4/13/2021 10:12	R_3a3rHquRbkdJH2x	25-34	Male	"No, I have no interest in purchasing one or using one in the future"	"Too expensive,Prefer in-person workouts"																																																																																												
4/13/2021 10:17	R_etbiM3mcwlbb2Ux	25-34	Male	"I own a Bike, Bike+, Tread, or Tread+"				Definitely yes	I am a person who wants to stay in shape and also have the convenience to do it from home.	I wasn't sure if the product would be worth the price or if the video experience would be the same as going to a inperson spin class	"General Google Research,Word of Mouth; Recommendation from a Friend"		aerobic	muscle-building	on my own schedule	at home						aerobic	muscle-building	on my own schedule	at home							3-4	At home		Alone		3	5	1	4	6	2	7		2x	Never	Never	Never	Never	2x	Never	Never	Never	4x	Never	Never	1x	Never	None of these appeal to me		"Weight Machine,Digital Interactive Fitness Device (Mirror)"	"Peloton Tread,Rowing Machine"	"Peloton Bike,Health & Fitness Wearable"				1	2			1	2				1					2	1	2	6	7	5	3	4	8		50	Strongly agree		$50+	I would be willing to pay more if...	there was addtinioal series but think it is fairly priced as it	I love it as is. I wish they had a better interface to track friends activity / post workouts i liked to friends. 
4/13/2021 10:18	R_3ETiBkvFrwKiyL3	35-45	Male	"No, but I would consider purchasing one or using the app in the future"				Probably yes	I work out periodically	Price	General Google Research		stess relieving	muscle-building	weight-reduction							varied	muscle-building	at a gym								3-4	Self-led workouts in a gym		Alone		3	5	1	2	4	6	7		5x or More	Never	1x	Never	Never	1x	2x	4x	1x	1x	1x	Never	2x	2x	Martial arts		"Rowing Machine,Weight Machine,Peloton Tread,Peloton Bike"	"Digital Interactive Fitness Device (Mirror),Health & Fitness Wearable"		4	3	1	2							1	2							1	2	4	5	6	3	7	8		40	Somewhat agree		$21-30			
4/13/2021 10:18	R_2WJ8AH4nygiVs0o	25-34	Male	"I own a Bike, Bike+, Tread, or Tread+"				Definitely yes	Into fitness and like the convenience of equipment at home. 	Didn’t have concerns 	"General Google Research,Word of Mouth; Recommendation from a Friend"		aerobic	cardiovascular	vigorous	on my own schedule						aerobic	cardiovascular	vigorous	on my own schedule							3-4	At home		Alone		2	5	1	4	6	3	7		Never	Never	Never	Never	Never	3x	Never	2x	Never	3x	1x	Never	2x	Never	None of these appeal to me		Weight Machine	"Digital Interactive Fitness Device (Mirror),Peloton Tread,Rowing Machine"	"Health & Fitness Wearable,Peloton Bike"				1				2	3		1		2					1	3	5	7	6	8	2	1	4		0	Other:	The bike itself is clearly overpriced but whatever it’s solid all round 	$31-40	I would be willing to pay more if...	It had better integration with the Apple Watch 	Nope
4/13/2021 10:19	R_3FX6XGBYNE4QyuI	25-34	Non-binary / third gender	"No, I have no interest in purchasing one or using one in the future"	"Too expensive,I use a competitor's product"	Schwinn IC4 stationary bike																																																																																											
4/13/2021 10:24	R_3fP0MIx1GRInQPk	25-34	Male	"No, but I would consider purchasing one or using the app in the future"				Might or might not	No prior spin class exp	Tech getting outdated and no function without monthly sub	"In-Person Testing,General Google Research,Reddit,Word of Mouth; Recommendation from a Friend"		enjoyable	muscle-building	on my own schedule	with other people	at home	at a gym				aerobic	strenuous	cardiovascular	on my own schedule	at home						1-2	At home		"Alone,Depends on my mood"		1	3	5	6	4	2	7		2x	Never	Never	Never	Never	2x	Never	2x	Never	1x	1x	Never	3x	Never	None of these appeal to me		"Health & Fitness Wearable,Peloton Bike"	"Digital Interactive Fitness Device (Mirror),Rowing Machine,Weight Machine,Peloton Tread"		2					1		4	2	3	1								1	4	2	3	5	6	7	8		40	Somewhat disagree		$11-20			
4/13/2021 10:25	R_3NLrzerPazcXCtC	25-34	Male	"I own a Bike, Bike+, Tread, or Tread+"				Probably yes	I bike everyday		"In-Person Testing,Reddit,Word of Mouth; Recommendation from a Friend"		quick	varied	vigorous	with other people						quick	varied	at a gym								3-4	Other (explain):	With a few friends	With others		1	3	5	4	2	6	7		1x	Never	Never	Never	Never	Never	4x	2x	Never	Never	Never	Never	Never	4x	None of these appeal to me		Peloton Bike	"Health & Fitness Wearable,Digital Interactive Fitness Device (Mirror),Rowing Machine,Peloton Tread,Weight Machine"		1							4	3	5	2	1							1	4	2	5	6	3	7	8		20	Strongly disagree		$5-10	I would be willing to pay more if...	Gym membership free	
4/13/2021 10:26	R_1NsNf6a6jsiqGPt	25-34	Female	"No, I have no interest in purchasing one or using one in the future"	"Too expensive,Prefer in-person workouts,I already have a workout routine that I like"																																																																																												
4/13/2021 10:28	R_3k5hWyLGglH9vl2	25-34	Male	"No, but I would consider purchasing one or using the app in the future"				Probably yes	I exercise 	Price	General Google Research		cardiovascular	quick	on my own schedule	at home						cardiovascular	enjoyable	calming	muscle-building							3-4	Self-led workouts in a gym		Depends on my mood		2	3	4	5	6	1	7		3x	2x	Never	Never	1x	1x		1x	1x	Never	Never	1x	1x		None of these appeal to me		"Weight Machine,Digital Interactive Fitness Device (Mirror),Peloton Tread,Peloton Bike"	"Rowing Machine,Health & Fitness Wearable"		4	3		1	2				1			2							1	4	2	5	6	3	7	8		40	Somewhat disagree		$31-40	I would be willing to pay more if...	Nothing	No
4/13/2021 10:37	R_1IbCQfoTY6rQiJR	25-34	Female	"No, but I would consider purchasing one or using the app in the future"				Probably yes	I exercise daily	Price 	"General Google Research,Amazon Research,Word of Mouth; Recommendation from a Friend,Word of Mouth; Recommendation from Instagram Influencer"		enjoyable	vigorous	muscle-building							long	muscle-building	at home								5+	Instructor led workouts in a gym		Depends on my mood		5	3	2	4	1	6	7		Never	Never	5x or More	1x	Never	1x	Never	3x	1x	2x	2x	1x	1x	Never	Martial arts		"Peloton Tread,Weight Machine,Peloton Bike,Rowing Machine"	"Digital Interactive Fitness Device (Mirror),Health & Fitness Wearable"		3	1	4	2							1	2							1	3	4	5	7	8	2	6		20	Somewhat agree		$31-40	I would be willing to pay more if...	I got the results I want 	Nope
4/13/2021 10:48	R_2xxEgeJsMdC58qD	35-45	Male	"No, but I would consider purchasing one or using the app in the future"				Definitely yes	Active individual who will fall in the appropriate income bracket	Price and Value relative to alternatives	"General Google Research,Amazon Research,Facebook or Instagram Ads,Reddit"		sweaty	muscle-building	on my own schedule	at a gym						stess relieving	weight-reduction	on my own schedule	at a gym							5+	Self-led workouts in a gym		Alone		1	4	6	5	3	2	7		5x or More	Never	Never	Never	Never	3x	Never	5x or More	1x	Never	Never	Never	5x or More	1x	Dance		"Peloton Tread,Health & Fitness Wearable,Weight Machine"	"Digital Interactive Fitness Device (Mirror),Rowing Machine,Peloton Bike"			1		3		2	3		2		1								1	2	3	4	6	5	7	8		0	Somewhat disagree		$50+	I would be willing to pay more if...	Programs were customized to my needs	-
4/13/2021 10:49	R_3qpsQshppS7xkqD	25-34	Female	"No, but I would consider purchasing one or using the app in the future"				Might or might not	Time is not a limiting factor for my workouts	"Bike stability - I'm 5'10"" and worried about the bike being secure when doing the spin class choreography"	"In-Person Testing,General Google Research,Reddit,Word of Mouth; Recommendation from a Friend"		cardiovascular	enjoyable	sweaty	with other people						cardiovascular	stess relieving	with other people	other						at a fitness studio	3-4	In group fitness classes		"With others,Other:"	With strangers 	3	1	5	6	2	4	7		Never	5x or More	Never	Never	Never	1x	Never	2x	3x	Never	Never	Never	Never	Never	None of these appeal to me		"Peloton Tread,Health & Fitness Wearable"	"Peloton Bike,Weight Machine,Digital Interactive Fitness Device (Mirror),Rowing Machine"			1				2	1		4	2	3								3	5	2	6	7	4	1	8		10	Strongly disagree		$21-30			
4/13/2021 10:52	R_2uCgKNFe0E5NV8Y	18-24	Male	"No, I have no interest in purchasing one or using one in the future"	I already have a workout routine that I like																																																																																												
4/13/2021 11:09	R_1g6Lpc43azGhBQK	25-34	Male	"I own a Bike, Bike+, Tread, or Tread+"				Definitely yes	Young adult male who is active with disposable income	None. Knew what I was getting and have used it before in NYC studio. 	"In-Person Testing,General Google Research,Word of Mouth; Recommendation from a Friend"		enjoyable	weight-reduction	on my own schedule	at home						enjoyable	weight-reduction	on my own schedule	at home							3-4	At home		"Alone,With others"		6	3	1	2	5	4	7		1x	2x	Never	Never	Never	1x	Never	Never	Never	4x	Never	Never	Never	Never	Martial arts		Rowing Machine	"Health & Fitness Wearable,Digital Interactive Fitness Device (Mirror),Weight Machine,Peloton Tread"	Peloton Bike			1					4		3	2	1	1						2	1	5	6	4	3	7	8		0	Somewhat agree		$11-20	I would be willing to pay more if...	None	Delivery was sooner than originally planned so was happy with that and overall happy with purchase. 
4/13/2021 11:29	R_8w6t0LnJ9k4rmed	25-34	Male	I use the Peloton App				Probably yes	I try to stay healthy and enjoy working out	The purchase price and space required for using one when renting a place. If I had a house I would own one	"General Google Research,Reddit,Word of Mouth; Recommendation from a Friend,Word of Mouth; Recommendation from Instagram Influencer"		sweaty	stess relieving	with other people							sweaty	on my own schedule	with other people								5+	In group fitness classes		"Depends on my mood,Depends if my partner/friends are available to go with me"		2	1	5	4	6	3	7		3x	2x	Never	Never	Never	2x	Never	2x	1x	1x	Never	Never	3x	Never	None of these appeal to me		"Rowing Machine,Peloton Tread,Peloton Bike"	"Digital Interactive Fitness Device (Mirror),Health & Fitness Wearable,Weight Machine"		3	2	1							3	1	2							1	4	5	6	7	3	2	8		0	Somewhat disagree		$21-30	I would be willing to pay more if...	no reason	n/a
4/13/2021 11:38	R_3f52oRfSrKSGCIx	25-34	Female	"No, but I would consider purchasing one or using the app in the future"				Probably yes	Based on my age and the technology they use	Price	"General Google Research,Word of Mouth; Recommendation from a Friend"		aerobic	cardiovascular	varied	muscle-building						cardiovascular	varied	muscle-building	at home							3-4	In group fitness classes		With others		3	1	4	5	6	2	7		Never	5x or More	Never	Never	Never	1x	Never	Never	3x	Never	Never	Never	3x	Never	"Dance,Other (explain):"	Strength building	"Peloton Bike,Peloton Tread,Rowing Machine"	"Digital Interactive Fitness Device (Mirror),Weight Machine"	Health & Fitness Wearable	1	2	3							2	1							1	1	2	3	4	5	6	7	8		20	Somewhat agree		$31-40	I would be willing to pay more if...	Similar quality and options	No
4/13/2021 12:07	R_eFCl4HnXsZI838l	25-34	Female	I use the Peloton App				Definitely yes	"I am a millennial with the right amount of disposable income, close to a digital native and like community "	Price is my biggest concern and supplementing with strength training	"Word of Mouth; Recommendation from a Friend,Word of Mouth; Recommendation from Instagram Influencer"		cardiovascular	enjoyable	sweaty	vigorous	stess relieving	muscle-building	on my own schedule	at a gym		cardiovascular	enjoyable	sweaty	varied	vigorous	stess relieving	muscle-building	on my own schedule	at a gym		3-4	Self-led workouts in a gym		Alone		1	2	6	5	4	3	7		4x	Never	Never	Never	Never	2x		4x	1x	Never	Never	Never	3x		None of these appeal to me		"Weight Machine,Peloton Tread,Peloton Bike"	"Rowing Machine,Digital Interactive Fitness Device (Mirror)"	Health & Fitness Wearable	3	2		1					1		2							1	2	3	4	5	6	7	1	8			Somewhat agree		$11-20			
4/13/2021 12:07	R_RkvxXWpJvq7EGeR	18-24	Male	"No, but I would consider purchasing one or using the app in the future"				Probably yes	I’m an individual who cares about my health as well as the convenience of exercising to maintain that health 	I think there is a large barrier to entry in the peloton market with the price of the bike as well as the subscription costs	"General Google Research,Amazon Research,Word of Mouth; Recommendation from a Friend"		vigorous	muscle-building	on my own schedule	at home						quick	muscle-building	on my own schedule	at home							3-4	At home		Alone		1	6	3	4	5	2	7		4x	Never	Never	Never	Never	2x	1x	4x	Never	Never	Never	Never	2x	1x	None of these appeal to me		"Digital Interactive Fitness Device (Mirror),Weight Machine,Peloton Bike"	"Peloton Tread,Health & Fitness Wearable,Rowing Machine"		3			2	1			1	3			2							1	2	5	6	7	4	3	8		40	Somewhat agree		$21-30	I would be willing to pay more if...	The workouts were specific to me	N/A
4/13/2021 12:48	R_3h6H7OBBNWNzgXF	25-34	Female	I use the Peloton App				Probably yes	I workout 5-6x per week and a	"Not a current owner, I want a Tread+ but do not have space in my apartment"	"General Google Research,Word of Mouth; Recommendation from a Friend,Word of Mouth; Recommendation from a Trainer"		aerobic	strenuous	cardiovascular	sweaty						aerobic	strenuous	cardiovascular	with other people							5+	In group fitness classes		Depends on my mood		4	1	2	5	6	3	7		Never	5x or More	Never	Never	Never	1x	Never	2x	3x	2x	Never	Never	1x	Never	None of these appeal to me		"Peloton Tread,Peloton Bike,Health & Fitness Wearable"	"Rowing Machine,Weight Machine,Digital Interactive Fitness Device (Mirror)"		2	1				3			1	2	3								1	4	3	7	6	5	2	8		0	Strongly agree		$31-40	I would be willing to pay more if...	"variety of classes: types, themes, length, body focus"	
4/13/2021 13:55	R_1IcLi0PHHiOZocL	25-34	Female	"I own a Bike, Bike+, Tread, or Tread+"				Definitely yes	I am an urban female in my 20s; highly educated; white...etc.etc.etc.	Price; Would it be worth it; Good enough work out?	"General Google Research,Amazon Research,Facebook or Instagram Ads,Reddit,Word of Mouth; Recommendation from a Friend"		strenuous	varied	muscle-building	on my own schedule						strenuous	varied	muscle-building	on my own schedule	at home						5+	In group fitness classes		"With others,Depends if my partner/friends are available to go with me"		6	1	2	4	5	3	7		Never	3x	1x	Never	Never	2x		Never	3x	3x	1x	Never	1x		None of these appeal to me		Peloton Tread	"Digital Interactive Fitness Device (Mirror),Weight Machine,Rowing Machine"	"Peloton Bike,Health & Fitness Wearable"		1							3	2	1		1					2	1	4	2	7	6	3	5	8		20	Somewhat agree		$21-30	I would be willing to pay more if...	Things were more personalized to me. 	"N/A - I love Peloton and the ease of working out during the pandemic. I definitely would not have purchased a bike without the pandemic occuring, though. "
4/13/2021 14:11	R_3KxR4i2UKRwgWJC	25-34	Male	"I own a Bike, Bike+, Tread, or Tread+"				Definitely yes	I want to stay active during the pandemic.	Value vs Cost	"General Google Research,Word of Mouth; Recommendation from a Friend"		quick	sweaty	vigorous	muscle-building	weight-reduction	on my own schedule	with other people	at a gym		cardiovascular	sweaty	at home								3-4	In group fitness classes		With others		3	1	4	5	2	6	7		2x	2x	Never	Never	1x	Never	Never	Never	Never	3x	Never	Never	2x	Never	None of these appeal to me		Rowing Machine	"Digital Interactive Fitness Device (Mirror),Peloton Tread,Weight Machine"	"Health & Fitness Wearable,Peloton Bike"			1					2		3	1		2					1	1	3	4	5	6	2	7	8		30	Somewhat disagree		$5-10	I would be willing to pay more if...	There was an in person component	No
4/13/2021 19:16	R_BRGsWUhD4Suu4E1	25-34	Female	I use the Peloton App				Definitely yes	I generally like to be healthy and workout but with putting in as little effort as possible	I'd like to own the bike but it is expensive and I get enough variety in my Digital membership	Word of Mouth; Recommendation from a Friend		quick	varied	stess relieving	on my own schedule						strenuous	stess relieving	on my own schedule	at home							3-4	In group fitness classes		Depends on my mood		4	1	2	5	6	3	7		3x	1x	Never	Never	Never	2x	1x	2x	1x	2x	Never	Never	2x	1x	"None of these appeal to me,Other (explain):"	Context: I tried an Apple Fitness Dance class and it was lame. But I do generally like dance classes.	Peloton Bike	"Peloton Tread,Rowing Machine,Weight Machine,Digital Interactive Fitness Device (Mirror),Health & Fitness Wearable"		1							1	2	3	4	5							1	5	4	6	7	3	2	8		0	Strongly agree		$11-20	I would be willing to pay more if...	Peloton was no longer meeting my needs with variety	Nope
4/14/2021 7:52	R_1HcJNZm6o71sVMS	25-34	Female	"No, but I would consider purchasing one or using the app in the future"				Probably yes	"Yes because Like to workout, WTP for a good workout, guided workouts vs workout by yourself; no because I’m not rich"	Price of bike and recurring subscription cost 	"In-Person Testing,General Google Research,Word of Mouth; Recommendation from a Friend"		cardiovascular	weight-reduction	on my own schedule							cardiovascular	long	at home								5+	At home		"Depends on my mood,Depends on my budget"		2	5	3	4	6	1	7		2x	1x	Never	Never	Never	4x		1x	Never	1x	Never	Never	4x		None of these appeal to me		"Peloton Bike,Peloton Tread,Health & Fitness Wearable"	"Digital Interactive Fitness Device (Mirror),Rowing Machine,Weight Machine"		1	2				3			2	3	1								1	4	3	5	6	2	7	8		0	Somewhat disagree		$21-30	I would be willing to pay more if...	The price of the equipment was more affordable	Price of hardware (machine) is a huge barrier to me making the purchase (and without the equipment I’m not going to buy the subscription)
4/14/2021 10:08	R_2B8oxGM641p1c3H	25-34	Male	"No, but I would consider purchasing one or using the app in the future"				Probably yes	Age and income	Is it really worth it? Will it sit and collect dust	"General Google Research,Amazon Research,Reddit,Word of Mouth; Recommendation from a Friend"		aerobic	quick	sweaty	on my own schedule						aerobic	quick	varied	at a gym							3-4	Self-led workouts in a gym		Alone		1	4	3	6	5	2	7		3x	Never	Never	Never	Never	3x	Never	3x	1x	Never	Never	1x	3x	Never	None of these appeal to me		"Digital Interactive Fitness Device (Mirror),Weight Machine,Rowing Machine"	"Peloton Tread,Peloton Bike"	Health & Fitness Wearable			3	2	1		2	1										1	1	2	5	7	6	4	3	8		10	Somewhat agree		$21-30	I would be willing to pay more if...	n/a	Buying the shoes is annoying 
4/14/2021 10:24	R_33kdT8YToo7g1G6	46-59	Male	"No, but I would consider purchasing one or using the app in the future"				Probably yes	"Physcially active, work out multiple times a week, pay for studio workout classes"		"General Google Research,Word of Mouth; Recommendation from a Friend"		cardiovascular	muscle-building	weight-reduction							cardiovascular	muscle-building	weight-reduction								5+	Self-led workouts in a gym		"Alone,Depends on my mood"		1	2	4	5	6	3	7		2x	2x				2x		1x	3x				3x		None of these appeal to me		"Peloton Bike,Rowing Machine"	"Peloton Tread,Digital Interactive Fitness Device (Mirror),Weight Machine,Health & Fitness Wearable"		1		2					1		3	2	4							1	2	3	4	5	6	7	8		20	Somewhat disagree		$21-30	I would be willing to pay more if...	"it was a month to month commitment, not a purchase"	
4/14/2021 10:27	R_9t6Js2C17l9KNJ7	18-24	Female	"I own a Bike, Bike+, Tread, or Tread+"				Probably yes	they probably target a little older of a demographic because most first year post-grads can't afford a peloton	None. Made perfect financial sense given what I used to spend on a gym membership	"In-Person Testing,General Google Research,Word of Mouth; Recommendation from Instagram Influencer"		sweaty	stess relieving	on my own schedule							quick	on my own schedule	at home								3-4	At home		Depends on my mood		3	4	1	5	6	2	7		1x	2x	2x	Never	Never	1x		Never	Never	3x	1x	Never	1x	Never	"None of these appeal to me,Other (explain):"	they already have dance classes. do your research 	"Peloton Tread,Health & Fitness Wearable"	"Weight Machine,Digital Interactive Fitness Device (Mirror),Rowing Machine"	Peloton Bike		1				2			3	1	2		1						3	1	4	5	6	2	7	8		70	Strongly agree		$31-40	I would be willing to pay more if...	never switching from peloton	you're already able to video chat with friends during a class FYI
4/14/2021 10:32	R_Z9nUuk9IUmbSckF	25-34	Female	"I own a Bike, Bike+, Tread, or Tread+"				Definitely yes	"Because I am a young professional with limited free time and desire a fun, entertaining workout that is convenient for my schedule. "	"It’s a relatively large piece of equipment that can’t fold up or be stored away, and I live in an apartment, so I was worried about the space/eyesore. "	"General Google Research,Instagram Reels,Word of Mouth; Recommendation from a Friend"		vigorous	weight-reduction	on my own schedule	at home						quick	muscle-building	with other people	at a gym							1-2	Other (explain):	At home or in a small gym by myself 	Alone		2	3	1	5	6	4	7		1x	2x	Never	Never	Never	1x	1x	2x	Never	1x	Never	Never	2x	Never	"Zumba,Martial arts,Dance,Other (explain):"	Body resistance weight training 	"Digital Interactive Fitness Device (Mirror),Weight Machine"	"Health & Fitness Wearable,Rowing Machine,Peloton Tread"	Peloton Bike				2	1			3	2			1	1						3	5	2	1	6	4	7	8		50	Somewhat agree		$31-40	I would be willing to pay more if...	There were in person options for when I was in the mood to meet up with friends and form a Peloton community 	
4/14/2021 10:37	R_2fv7dtx8RDoebkO	18-24	Female	"No, but I would consider purchasing one or using the app in the future"				Probably yes	"My age and interest in fitness feels like Peloton’s target audience, but my income is a little low"	Price is extremely high	"General Google Research,Word of Mouth; Recommendation from a Friend"		vigorous	weight-reduction	on my own schedule							on my own schedule	at home	at a gym								5+	Self-led workouts in a gym		Alone		2	3	6	5	4	1	7		3x	1x	Never	Never	Never	4x		3x	2x	Never	Never	Never	3x		None of these appeal to me		"Health & Fitness Wearable,Rowing Machine,Weight Machine"	"Peloton Tread,Peloton Bike,Digital Interactive Fitness Device (Mirror)"				2	3		1	2	1			3								1	5	2	6	7	4	3	8		40	Strongly disagree		$11-20	I would be willing to pay more if...	It was in person	
4/14/2021 10:57	R_31RibDKMfjpG2QR	46-59	Female	"I own a Bike, Bike+, Tread, or Tread+"				Definitely yes	"Age, income, fitness enthusiast, no time to commute to gym"	Value for money	"General Google Research,Amazon Research,Word of Mouth; Recommendation from a Friend,Word of Mouth; Recommendation from a Trainer"		enjoyable	varied	stess relieving	on my own schedule						strenuous	joyful	muscle-building	on my own schedule							5+	At home		Alone		4	6	3	1	2	5	7		2x	Never	5x or More	2x	1x	2x	Never	Never	Never	5x or More	3x	2x	4x	Never	"Zumba,Dance"		"Rowing Machine,Weight Machine,Health & Fitness Wearable"	"Peloton Tread,Digital Interactive Fitness Device (Mirror)"	Peloton Bike			1	2		3		1			2		1						6	5	1	2	3	4	7	8		50	Strongly agree		$31-40	I would be willing to pay more if...	The offerings expanded and they had classes heard to experienced usets	Love it! Have taken over 2800 classes in less than 5 years
4/14/2021 11:13	R_2OPVrJZJPAyaLrj	35-45	Female	"No, but I would consider purchasing one or using the app in the future"				Probably yes	I feel as though I am apart of the new market that emerged from quarantine - someone who works from home and isn’t quite comfortable going back to the gym	"Cost, ease of use, longevity"	"In-Person Testing,General Google Research,Word of Mouth; Recommendation from a Friend,Word of Mouth; Recommendation from a Trainer"		cardiovascular	enjoyable	muscle-building	weight-reduction						other									Non-existant	0	Instructor led workouts in a gym		With others		5	2	6	3	1	4	7		Never	3x	Never	Never	Never	3x	Never	Never	Never	3x	Never	Never	1x	Never	"Zumba,Martial arts,Dance"		"Peloton Tread,Rowing Machine"	"Peloton Bike,Digital Interactive Fitness Device (Mirror),Health & Fitness Wearable,Weight Machine"			1	2				1			4	2	3							2	1	7	6	5	3	4	8		0	Other:	Unsure.	$11-20	I would be willing to pay more if...	"Not willing to pay more, I feel the cost is already rather inflated, especially for the Tread. "	No
4/14/2021 11:20	R_1DI7VDYjnQhTDxu	25-34	Female	"I own a Bike, Bike+, Tread, or Tread+"				Definitely yes	"Busy balancing work/workout schedule, was paying a lot for gym membership anyways, takes multiple different types of classes "	If I would use it enough to offset the cost	"General Google Research,Word of Mouth; Recommendation from a Friend,Word of Mouth; Recommendation from Instagram Influencer"		cardiovascular	enjoyable	weight-reduction	on my own schedule						enjoyable	stess relieving	on my own schedule	at home							3-4	At home		Depends on my mood		6	4	1	2	5	3	7		Never	3x	1x	Never	Never	1x	Never	Never	Never	4x	1x	Never	2x	Never	Dance		Peloton Tread	"Rowing Machine,Weight Machine,Digital Interactive Fitness Device (Mirror)"	"Peloton Bike,Health & Fitness Wearable"		1							1	2	3		1					2	2	1	3	5	6	4	7	8		20	Strongly agree		$11-20	I would be willing to pay more if...	I wasn’t already paying for peloton and the service was somehow better than peloton	
4/14/2021 11:36	R_DvhJrmOtfD9g1Jn	46-59	Male	"No, I have no interest in purchasing one or using one in the future"	"Too expensive,I already have a workout routine that I like"																																																																																												
4/14/2021 11:56	R_2Qofrp1e8lA5uCv	25-34	Female	"No, but I would consider purchasing one or using the app in the future"				Probably yes	"Working from home, younger female"	No a current owner. My concern is the price	"General Google Research,Amazon Research,Word of Mouth; Recommendation from a Friend,Word of Mouth; Recommendation from Instagram Influencer"		quick	muscle-building	on my own schedule	at home						quick	calming									0	At home		"Depends on my mood,Depends on my budget"		5	3	1	2	4	6	7		Never	Never	1x	Never	Never	1x	Never	Never	1x	1x	Never	Never	1x	Never	None of these appeal to me		"Peloton Bike,Health & Fitness Wearable,Peloton Tread"	"Rowing Machine,Weight Machine,Digital Interactive Fitness Device (Mirror)"		1	3				2			1	2	3								1	2	3	4	6	5	7	8		40	Somewhat disagree		$31-40			
4/14/2021 11:57	R_3kuAJAYQCWmKAhr	25-34	Female	"No, I have no interest in purchasing one or using one in the future"	"Too expensive,Prefer in-person workouts"																																																																																												
4/14/2021 11:57	R_3HAeoM8MvMMNjKM	25-34	Female	"No, I have no interest in purchasing one or using one in the future"	"Too expensive,I don't have space in my home,I don't like running or cycling"																																																																																												
4/14/2021 12:02	R_ctNeuS8HibS5Yf7	25-34	Female	"No, but I would consider purchasing one or using the app in the future"				Probably yes	"I own my own indoor cycling shoes and will be in their probable desired target household income, and I am female and within their target age range"	The upfront cost and the recurring subscription cost	"General Google Research,Reddit,Word of Mouth; Recommendation from a Friend"		varied	vigorous	weight-reduction	on my own schedule						quick	varied	on my own schedule	at home							5+	In group fitness classes		Depends on my mood		4	1	2	3	6	5	7		1x	Never	Never	Never	Never	1x	Never	Never	2x	2x	1x	Never	Never	Never	None of these appeal to me		"Peloton Bike,Weight Machine,Digital Interactive Fitness Device (Mirror)"	"Peloton Tread,Rowing Machine,Health & Fitness Wearable"		1			2	3			1	2			3							1	5	3	7	6	4	2	8		0	Somewhat agree		$50+	I would be willing to pay more if...	The bike was cheaper	
4/14/2021 12:05	R_3NHXj9nNx0hGVdB	25-34	Female	"No, I have no interest in purchasing one or using one in the future"	"Too expensive,I don't have space in my home"																																																																																												
4/14/2021 12:07	R_bekM7xS1kNSbOdr	25-34	Male	"No, but I would consider purchasing one or using the app in the future"				Probably yes	I'm active and enjoy social accountability.	There are free ways for me to work out - peloton is expensive.	General Google Research		aerobic	cardiovascular	quick	at home						cardiovascular	stess relieving	on my own schedule	at home							3-4	At home		Depends on my mood		5	4	2	3	6	1	7		Never	1x	Never	Never	Never	1x	Never	Never	1x	2x	Never	Never	2x	Never	None of these appeal to me		"Peloton Bike,Digital Interactive Fitness Device (Mirror),Health & Fitness Wearable"	"Rowing Machine,Weight Machine,Peloton Tread"		1				2	3		3	1	2									3	2	5	6	7	1	4	8		20	Somewhat disagree		$50+	I would be willing to pay more if...	upfront investment was less	
4/14/2021 12:19	R_1GEcQwrCYJWuHMx	25-34	Male	"I own a Bike, Bike+, Tread, or Tread+"				Definitely yes	I'm an atheltic millenial that is college educated and lives in a major city. 	Price	Other	Rode in studio in NYC	strenuous	quick	muscle-building	on my own schedule						enjoyable	varied	muscle-building	on my own schedule							3-4	Self-led workouts in a gym		Alone		1	2	5	6	4	3	7		5x or More	Never	Never	Never	Never	1x		4x	Never	2x	Never	Never	1x		None of these appeal to me		Health & Fitness Wearable	"Peloton Tread,Rowing Machine,Digital Interactive Fitness Device (Mirror),Weight Machine"	Peloton Bike						1		1	2	4	3		1						2	4	1	5	6	3	7	8		20	Strongly disagree		$31-40			
4/14/2021 12:24	R_2ZNZflRTk4hPCai	25-34	Male	"I own a Bike, Bike+, Tread, or Tread+"				Probably yes	"Feel like it’s less targeted to large athletic men, more for smaller endurance athletes "	Price. Whether I’d use it enough.	"In-Person Testing,General Google Research,Amazon Research,Reddit,Word of Mouth; Recommendation from a Friend,Word of Mouth; Recommendation from a Trainer"		stess relieving	muscle-building	on my own schedule	at home						stess relieving	muscle-building	on my own schedule	at home							5+	Self-led workouts in a gym		Alone		1	4	3	5	6	2	7		3x	2x	Never	Never	Never	1x	Never	1x	1x	2x	1x	Never	1x	Never	Martial arts		"Weight Machine,Rowing Machine"	"Digital Interactive Fitness Device (Mirror),Peloton Tread"	"Peloton Bike,Health & Fitness Wearable"			2	1				2			1		1					2	1	6	3	2	5	4	7	8		40	Somewhat agree		$50+	I would be willing to pay more if...	They shipped me new equipment or something like a subscription set ide	
4/14/2021 12:29	R_1LUMpTwVR395UUI	35-45	Female	"I own a Bike, Bike+, Tread, or Tread+"				Probably yes	"Enjoy fitness, community, am approaching middle age"	Would I get my money’s worth?	Word of Mouth; Recommendation from a Friend		joyful	sweaty	stess relieving	at home						sweaty	varied	on my own schedule	at home							5+	At home		Depends on my mood		6	4	3	1	5	2	7		2x	Never	Never	Never	1x	3x	1x	Never	Never	3x	3x	1x	2x	Never	None of these appeal to me		"Peloton Tread,Weight Machine"	"Rowing Machine,Digital Interactive Fitness Device (Mirror)"	"Peloton Bike,Health & Fitness Wearable"		1		2					1		2		1					2	2	3	4	5	6	7	1	8		10	Strongly agree		$31-40	I would be willing to pay more if...	Could schedule 1:1 classes	I’m hooked!!
4/14/2021 12:46	R_1pPTyadyGX2pfO8	60+	Male	"I own a Bike, Bike+, Tread, or Tread+"				Probably not	Seems very female oriented. And for folks who need personal validation (dealing with some issues).	Monthly cost. Programming suited for me.	"In-Person Testing,General Google Research,Word of Mouth; Recommendation from a Friend"		cardiovascular	varied	weight-reduction	on my own schedule						cardiovascular	varied	on my own schedule	at home							5+	Other (explain):	Dropped gym membership due to Covid 	Depends on my mood		2	5	1	4	6	3	7		3x	1x	Never	Never	Never	2x	3x	Never	Never	4x	1x	Never	2x	3x	None of these appeal to me			"Health & Fitness Wearable,Digital Interactive Fitness Device (Mirror),Weight Machine,Rowing Machine,Peloton Tread"	Peloton Bike								5	4	3	2	1	1						1	2	3	5	4	6	7	8	Golf-specific training	10	Somewhat agree		$50+	I would be willing to pay more if...	Additional training options that fit my needs	No
4/14/2021 13:21	R_Y6zY9WjzKwhf5YZ	25-34	Female	"I own a Bike, Bike+, Tread, or Tread+"				Definitely yes	"Affluent, working professional "	Would I use it enough to make the investment worth it (no but I still like having it) 	"General Google Research,Word of Mouth; Recommendation from a Friend,Other"	Testing out similar equipment in gym or class setting	aerobic	enjoyable	joyful	on my own schedule						aerobic	quick	on my own schedule	at home							1-2	In group fitness classes		Other:	Depends on my schedule and time available 	6	1	2	4	5	3	7		Never	Never	1x	Never	Never	2x	Never	Never	Never	2x	Never	Never	3x	Never	Dance		"Health & Fitness Wearable,Digital Interactive Fitness Device (Mirror)"	"Weight Machine,Rowing Machine,Peloton Tread"	Peloton Bike					2	1		3	2	1			1						1	4	3	5	6	2	7	8		0	Strongly agree		$31-40	I would be willing to pay more if...	Can’t think of anything. I don’t use Peloton to its full potential now but keep bc I hope I will  	
4/14/2021 14:00	R_3HNVUZhSQXVd5TS	25-34	Female	I use the Peloton App				Definitely yes	"I’m an active millennial that loves music, I’m digitally inclined, have disposable income to spend on fitness accessories and apps"	Biggest concern is investing in a bike or tread then having peloton release a new version and not being able to easily upgrade or take advantage of new features. 	"In-Person Testing,General Google Research,Amazon Research,Word of Mouth; Recommendation from a Friend,Word of Mouth; Recommendation from Instagram Influencer"		aerobic	enjoyable	varied	muscle-building						aerobic	cardiovascular	on my own schedule	at home							3-4	In group fitness classes		"Depends on my mood,Depends on my budget"		6	1	2	4	3	5	7		Never	5x or More	1x	Never	Never	2x		Never	3x	1x	1x	1x	3x		None of these appeal to me		"Peloton Tread,Peloton Bike,Rowing Machine"	"Digital Interactive Fitness Device (Mirror),Weight Machine,Health & Fitness Wearable"		2	1	3							2	1	3							1	6	2	4	5	3	8	7			Strongly agree		$11-20			"They have mastered loyalty. They track your weekly streaks, daily streaks, minutes etc that entice you to return. Opportunity lies in creating more recognition for commitment to the app (I.e offering special discounts on branded merchandise or membership when you’ve reached a specific milestone with peloton. "
4/14/2021 14:45	R_Xk0BUw3UmfzxTfH	46-59	Female	"I own a Bike, Bike+, Tread, or Tread+"				Definitely yes	"packed schedule, but want to stay fit. the high price point wasn't a deterrent. we own both the bike and tread"	would we use it enough; unproven tech/hardware (V1 of both bike and tread)	"In-Person Testing,General Google Research,Word of Mouth; Recommendation from a Friend"		sweaty	varied	on my own schedule	at home						quick	varied	on my own schedule	at home							5+	At home		Depends on my mood		6	5	2	1	4	3	7		1x	2x	3x	Never	Never	2x	Never	Never	Never	3x	2x	Never	2x	Never	"Zumba,Martial arts,Dance"		"Rowing Machine,Weight Machine,Health & Fitness Wearable"		"Peloton Tread,Peloton Bike,Digital Interactive Fitness Device (Mirror)"			1	2		3							2	1			3		2	3	4	5	6	1	7	8		20	Strongly agree		$21-30	I would be willing to pay more if...	"there was even more integration, ww, apple watch, peloton app, etc."	"huge fan of the products, instructors, brand"
4/14/2021 14:48	R_21AMs6TnNu9I4ej	46-59	Male	"I own a Bike, Bike+, Tread, or Tread+"				Definitely yes	Because I am affluent and into fitness.	Delay in receiving my bike due to COVID.	Other	YouTube reviews	stess relieving	muscle-building	weight-reduction							stess relieving	weight-reduction	on my own schedule								5+	At home		Alone		1	6	2	3	5	4	7		4x	2x	Never	Never	Never	Never	Never	Never	Never	5x or More	5x or More	Never	3x	Never	None of these appeal to me			"Peloton Tread,Rowing Machine,Weight Machine,Health & Fitness Wearable,Digital Interactive Fitness Device (Mirror)"	Peloton Bike								1	2	3	5	4	1						2	3	4	5	6	7	1	8			Somewhat agree		$31-40	I would be willing to pay more if...	I would not.	
4/14/2021 15:00	R_2X0NtBwdF2jkJ9M	18-24	Female	"No, but I would consider purchasing one or using the app in the future"				Might or might not	"I am unsure about the subscription model, and it’s also a large investment (maybe too pricey for me)"	"I’m concerned about not liking the classes, having to continually pay subscription, high upfront cost of purchase "	"General Google Research,Amazon Research,Reddit"		cardiovascular	muscle-building	on my own schedule							aerobic	cardiovascular	sweaty								3-4	Other (explain):	Runs outside	Alone		5	3	4	6	1	2	7		3x	Never	Never	Never	1x	1x	Never	Never	1x	Never	Never	Never	4x	Never	None of these appeal to me		"Peloton Bike,Health & Fitness Wearable,Weight Machine"	"Peloton Tread,Digital Interactive Fitness Device (Mirror),Rowing Machine"		1			3		2		1	3		2								1	4	2	6	3	7	5	8		30	Somewhat disagree		$21-30	I would be willing to pay more if...	Love that you can workout at home quickly but If was in-person so they could give me feedback on form	"I think their online classes make it cheaper for them because they don’t rent out a gym, so I don’t want to spend a huge amount"
4/14/2021 15:04	R_1CBXaNMhZArMScA	25-34	Male	"No, but I would consider purchasing one or using the app in the future"				Probably yes	I like to exercise and have a busy schedule.	Cost	"In-Person Testing,General Google Research,Word of Mouth; Recommendation from a Friend,Word of Mouth; Recommendation from a Trainer,Word of Mouth; Recommendation from Instagram Influencer"		cardiovascular	enjoyable	muscle-building	weight-reduction						cardiovascular	muscle-building	weight-reduction	at a gym							3-4	Self-led workouts in a gym		"Depends on my mood,Depends if my partner/friends are available to go with me"		1	2	4	3	6	5	7		4x	1x	2x	1x	Never	3x	Never	3x	1x	3x	3x	Never	3x	Never	None of these appeal to me		"Weight Machine,Rowing Machine,Digital Interactive Fitness Device (Mirror),Health & Fitness Wearable,Peloton Bike"	Peloton Tread		5		2	1	3	4		1											2	1	3	4	5	6	7	8		70	Strongly agree		$50+	I would be willing to pay more if...	More live classes with access to live studio	Love it
4/14/2021 16:03	R_3RbLLEDJgfE4voB	25-34	Female	"I own a Bike, Bike+, Tread, or Tread+"				Definitely yes		burn out of the product thus not justifying the cost	"In-Person Testing,General Google Research,Word of Mouth; Recommendation from a Friend"		cardiovascular	sweaty	on my own schedule							cardiovascular	quick	on my own schedule								3-4	At home		Depends on my mood		5	1	3	4	6	2	7		1x	3x	Never	Never	Never	2x	Never	Never	Never	3x	Never	Never	3x	Never	"None of these appeal to me,Other (explain):"	they do offer dance	Health & Fitness Wearable	"Weight Machine,Peloton Tread,Rowing Machine,Digital Interactive Fitness Device (Mirror)"	Peloton Bike						1		2	3	1	4		1						1	4	5	6	7	2	3	8			Strongly agree		$31-40	I would be willing to pay more if...	nothing	
4/14/2021 16:10	R_25NNxVj6zbZwZF0	25-34	Male	"No, but I would consider purchasing one or using the app in the future"				Probably yes	I workout a lot and am competitive 	Expensive and I don’t enjoy stationary biking 	"In-Person Testing,General Google Research,Word of Mouth; Recommendation from a Friend"		strenuous	enjoyable	long	sweaty	muscle-building	on my own schedule	at a gym			strenuous	enjoyable	long	sweaty	vigorous	muscle-building	on my own schedule	at a gym			5+	Self-led workouts in a gym		Alone		1	3	5	4	6	2	7		5x or More	Never	Never	Never	Never	2x	Never	5x or More	Never	Never	Never	Never	2x	Never	None of these appeal to me		"Peloton Bike,Health & Fitness Wearable,Weight Machine,Rowing Machine,Peloton Tread"	Digital Interactive Fitness Device (Mirror)		1	5	4	3		2					1								1	5	2	4	7	3	6	8	No	20	Somewhat agree		$5-10			
4/14/2021 16:42	R_1gp5rY0znIi8bgs	25-34	Male	"I own a Bike, Bike+, Tread, or Tread+"				Definitely yes	"Male, health conscious, high earner"	Price and would I use it	"General Google Research,Facebook or Instagram Ads,Reddit,Word of Mouth; Recommendation from a Friend"		cardiovascular	sweaty	muscle-building							cardiovascular	enjoyable	sweaty	on my own schedule							3-4	Self-led workouts in a gym		Alone		2	5	3	4	6	1	7		2x	Never	1x	1x	Never	3x	Never	Never	Never	3x	1x	Never	3x	Never	None of these appeal to me		"Weight Machine,Peloton Tread"	"Rowing Machine,Digital Interactive Fitness Device (Mirror)"	"Health & Fitness Wearable,Peloton Bike"		2		1					1		2		2					1	2	3	4	5	6	7	1	8		0	Somewhat agree		$31-40			
4/14/2021 19:21	R_3I07a6H4RZ1HUQN	25-34	Male	"I own a Bike, Bike+, Tread, or Tread+"				Probably yes	Young adult with money to burn	Will I use it regularly enough to justify it	"In-Person Testing,General Google Research,Reddit,Word of Mouth; Recommendation from a Friend"		cardiovascular	enjoyable	on my own schedule	at home						cardiovascular	on my own schedule	at home								1-2	At home		"Depends on my mood,Depends on my budget"		5	2	3	4	1	6	7		1x	Never	Never	Never	Never	3x	Never	1x	1x	2x	1x	Never	1x	Never	Martial arts		"Rowing Machine,Peloton Tread,Weight Machine"	"Health & Fitness Wearable,Digital Interactive Fitness Device (Mirror)"	Peloton Bike		2	1	3							2	1	1						1	2	3	4	5	6	7	8		40	Somewhat agree		$31-40	I would be willing to pay more if...	Greater variety 	Bike shoes were are a bit difficult to get that have the clips for a peloton. Moving to a more generic or changeable clip would be better. 
4/14/2021 19:51	R_3MGxFyedVJVfbOe	35-45	Female	"No, but I would consider purchasing one or using the app in the future"				Probably yes	Commercials (content + on streaming services)	Price. Monotony. 	General Google Research		varied	weight-reduction	at a gym							other									Almost non-existent right now (unfortunately)	1-2	In group fitness classes		Alone		2	1	3	5	6	7	4	YouTube	3x	3x	Never	Never	Never	Never	2x	2x	2x	Never	Never	Never	Never	1x	None of these appeal to me		"Digital Interactive Fitness Device (Mirror),Weight Machine"	"Rowing Machine,Peloton Bike,Peloton Tread,Health & Fitness Wearable"					2	1		2	3	1			4							1	6	2	4	5	7	3	8		20	Other:	TBD	$11-20	I would be willing to pay more if...	If it offers variety but still not as much price as gym	"Folks I know that bought it largely for social/status value (I.e. ""I bought a Peleton"" + picture instead of ""I bought a stationary bike"")"
4/14/2021 21:23	R_z6wbjHw5q1SbZHH	25-34	Female	"I own a Bike, Bike+, Tread, or Tread+"				Probably yes	"Young, active professional looking for at-home options for workouts."	Price	"General Google Research,Word of Mouth; Recommendation from a Friend"		enjoyable	muscle-building	weight-reduction	on my own schedule						stess relieving	weight-reduction	on my own schedule	at home							5+	In group fitness classes		Depends on my mood		4	3	1	2	5	6	7		3x	3x	2x	Never	Never	2x	Never	Never	1x	4x	1x	Never	2x	Never	None of these appeal to me			"Digital Interactive Fitness Device (Mirror),Weight Machine,Peloton Tread,Rowing Machine"	"Peloton Bike,Health & Fitness Wearable"								3	4	2	1		1					2	1	6	2	5	3	4	7	8		40	Strongly agree		$31-40	I would be willing to pay more if...	"it gave me the flexibility, value, and results I get with my Peloton bike"	
4/15/2021 5:20	R_1BQmmu1brfHaODN	46-59	Male	"No, but I would consider purchasing one or using the app in the future"				Probably not	Younger people in ads. 	That I might end up not using it. 	"Word of Mouth; Recommendation from a Friend,Other"	Consumer Reports	cardiovascular	enjoyable	stess relieving	on my own schedule						enjoyable	weight-reduction	on my own schedule	with other people							3-4	At home		"Alone,Depends if my partner/friends are available to go with me"		4	5	3	2	6	1	7				1x			5x or More				Never	3x		5x or More		"Zumba,Martial arts,Dance"		"Peloton Bike,Weight Machine,Peloton Tread"	"Digital Interactive Fitness Device (Mirror),Health & Fitness Wearable,Rowing Machine"		1	3		2					3		1	2							1	2	3	4	5	6	7	8		20	Other:	I don’t know 	$21-30	I would be willing to pay more if...	Regular use	
4/15/2021 10:15	R_2SBmXKSzfpYYh0g	60+	Male	"No, but I would consider purchasing one or using the app in the future"				Probably yes	I like to work out and have the money to afford one. 	Whether I will use it enough to justify the expense. 	"General Google Research,Word of Mouth; Recommendation from a Friend"		cardiovascular	vigorous	on my own schedule	other					Outdoors	cardiovascular	vigorous	on my own schedule	other						Outsoors	3-4	Other (explain):	Bike rides-  both group and alone	Depends if my partner/friends are available to go with me		6	3	4	5	7	2	1	Group rides	Never	Never	Never	Never	Never	4x	Never	2x	1x	Never	Never	Never	3x	Never	None of these appeal to me		Peloton Bike	"Health & Fitness Wearable,Rowing Machine,Digital Interactive Fitness Device (Mirror),Peloton Tread,Weight Machine"		1							4	2	5	3	1							1	3	5	7	6	4	2	8		0	Somewhat agree		$21-30	I would be willing to pay more if...	It were winter all year and I was stuck inside. 	No
4/15/2021 10:50	R_2xJBcdFB9Ja0P41	25-34	Female	I use the Peloton App				Probably yes	Age and income level 	My husband refuses to “join the tribe”. I also think the upfront cost and monthly cost is too expensive. 	"General Google Research,Amazon Research,Word of Mouth; Recommendation from a Friend"		enjoyable	joyful	with other people							aerobic	varied	with other people								3-4	In group fitness classes		With others		6	1	5	2	4	3	7		1x	1x	1x	Never	1x	1x	Never	Never	3x	Never	Never	Never	1x	Never	Dance		Rowing Machine	"Peloton Tread,Peloton Bike,Digital Interactive Fitness Device (Mirror),Weight Machine,Health & Fitness Wearable"				1				2	1		4	3	5							4	1	2	3	5	6	7	8		20	Somewhat disagree		$21-30	I would be willing to pay more if...	There were in person elements 	
4/15/2021 11:53	R_1QK6JH9v7pHbUZK	25-34	Male	"No, but I would consider purchasing one or using the app in the future"				Probably yes	Spending habits and fitness focus	"Non-owner: the cost and symbolism (I’m not someone who is likely to purchase a luxury car, even if I can afford it)"	"In-Person Testing,General Google Research,Amazon Research,Reddit,Word of Mouth; Recommendation from a Friend,Word of Mouth; Recommendation from a Trainer"		strenuous	cardiovascular	sweaty	stess relieving						strenuous	cardiovascular	sweaty	on my own schedule							3-4	Self-led workouts in a gym		Depends on my mood		4	3	6	5	2	1	7		3x	1x	1x	1x	Never	2x		2x	Never	2x	Never	Never	2x		None of these appeal to me		"Weight Machine,Digital Interactive Fitness Device (Mirror)"	"Peloton Bike,Health & Fitness Wearable,Peloton Tread,Rowing Machine"					1	2		1	3	4			2							2	1	5	4	7	6	3	8		30	Strongly disagree		$11-20			
